filename,label,score,score_regularized,pred,pred_regularized,pred_comp
07433_00,0,11.797311544418335,9.864203122455157,0,0,0
06706_00,0,12.351758360862732,43.61461718883058,0,0,1
00233_00,0,11.621990442276001,-1.445726658840266,0,0,0
00895_00,0,11.770666897296906,7.070382772460034,0,0,0
07701_00,0,12.062867641448975,26.421286391150378,0,0,0
05750_00,0,11.586999654769897,-3.846988070185197,0,0,0
01790_00,0,11.718438863754272,3.9200746826752315,0,0,0
08058_00,0,11.948807060718536,19.083781376262866,0,0,0
02264_00,0,11.553043365478516,-5.738413115146173,0,0,0
08467_00,0,12.2442147731781,38.07794892839667,0,0,1
03123_00,0,11.6178058385849,-1.8308503103502631,0,0,0
01118_00,0,11.673463881015778,0.9215226197458289,0,0,0
07017_00,0,12.357061505317688,44.66797808405723,0,0,1
06075_00,0,11.586191058158875,-3.5581238477818924,0,0,0
02858_00,0,11.64468502998352,-0.3426654436657645,0,0,0
04750_00,0,11.698877036571503,3.0556441682470394,0,0,0
05715_00,0,11.595526933670044,-3.462157630533566,0,0,0
02121_00,0,11.638906240463257,-0.8739797715393498,0,0,0
07413_00,0,11.78066200017929,8.352986450675981,0,0,0
06018_00,0,11.626061260700226,-1.2186114744174608,0,0,0
02879_00,0,11.65940374135971,0.5592483858401267,0,0,0
02498_00,0,11.561352789402008,-5.13158201102537,0,0,0
06157_00,0,11.638332605361938,-0.30795573070724225,0,0,0
04650_00,0,11.643269956111908,-0.1999342319967929,0,0,0
06046_00,0,11.55610978603363,-5.275621557679991,0,0,0
06036_00,0,11.583481073379517,-3.766325422892553,0,0,0
05253_00,0,11.593421399593353,-2.926609035074613,0,0,0
07905_00,0,11.959451615810394,19.40773982454943,0,0,0
01586_00,0,11.836929678916931,10.933554993152363,0,0,0
07237_00,0,11.886287927627563,14.711487004052213,0,0,1
04704_00,0,11.668785452842712,1.2301882383666898,0,0,0
04958_00,0,11.676061272621155,1.8577415540561644,0,0,0
08688_00,0,12.320775508880615,42.47067316348755,0,0,1
05389_00,0,11.64664500951767,0.22883086744949133,0,0,0
00325_00,0,11.61314332485199,-2.187743855905669,0,0,0
06723_00,0,12.462987661361694,50.152612102090686,0,0,1
06053_00,0,11.634822130203247,-0.655284879017744,0,0,0
01953_00,0,11.77680242061615,7.113669527647585,0,0,0
05151_00,0,11.629350483417511,-1.034303484861797,0,0,0
04572_00,0,11.709446847438812,3.3817159152346243,0,0,0
08709_00,0,12.512245774269104,54.11193376232792,0,0,1
06486_00,0,13.152417778968811,93.0742885330068,1,1,1
08506_00,0,14.675524234771729,183.6264422898285,1,1,1
06936_00,0,12.265840768814087,38.72741604659069,0,0,1
04254_00,0,11.620229601860046,-1.7953393120722856,0,0,0
05568_00,0,11.766994833946228,7.019562615157764,0,0,0
01269_00,0,11.74296647310257,4.820856916387667,0,0,0
03890_00,0,11.729628264904022,4.577775140138347,0,0,1
07646_00,0,14.440385341644287,168.5463322134222,1,1,1
03423_00,0,11.567020833492279,-5.076871689556068,0,0,0
01409_00,0,11.772888422012329,7.073409944048178,0,0,0
07444_00,0,11.736381649971008,5.957056954371643,0,0,0
06179_00,0,12.192290544509888,34.91685996278066,0,0,1
03832_00,0,11.723034381866455,4.261098885039931,0,0,0
00116_00,0,11.619920194149017,-1.7158382356278177,0,0,0
08207_00,0,11.881123840808868,14.450192229382576,0,0,0
03523_00,0,11.593609750270844,-2.8739479888755635,0,0,0
07226_00,0,11.890681862831116,15.302967998910695,0,0,0
08692_00,0,12.541816234588623,55.47219569637931,0,0,1
03008_00,0,11.536851465702057,-6.945203173753102,0,0,0
08499_00,0,12.377902030944824,45.768342766551754,0,0,1
05772_00,0,11.655224323272705,0.8383077583248765,0,0,0
04347_00,0,11.624036431312561,-1.350688192721812,0,0,0
02772_00,0,11.619394958019257,-1.974972552366435,0,0,0
05412_00,0,11.676591396331787,2.035067542207195,0,0,0
03087_00,0,11.652847051620483,0.08138436416112516,0,0,0
07371_00,0,11.977417051792145,20.580936431779925,0,0,1
07764_00,0,11.913355767726898,17.663975622956468,0,0,0
08418_00,0,12.193405985832214,34.94487944714618,0,0,1
00241_00,0,11.590430617332458,-3.8459145164124573,0,0,0
05880_00,0,11.58249056339264,-3.97741187150375,0,0,0
06977_00,0,12.324011087417603,42.441562003371516,0,0,1
03638_00,0,11.554163634777069,-5.583837058224847,0,0,0
07876_00,0,12.043865144252777,24.684783540484567,0,0,1
03754_00,0,11.688273847103119,2.1822893141895796,0,0,1
03981_00,0,11.684178054332733,1.8266508247094801,0,0,0
05120_00,0,11.590338110923767,-3.774614825754827,0,0,0
05426_00,0,11.648413479328156,-0.07211075027136755,0,0,0
05042_00,0,11.616985738277435,-2.0703330843506653,0,0,0
05745_00,0,11.591110467910767,-3.644269936431863,0,0,0
03720_00,0,11.63367384672165,-1.2306770451578166,0,0,0
05132_00,0,11.62793642282486,-1.2870172279231746,0,0,0
05473_00,0,11.624184668064117,-1.1229847807912259,0,0,0
04283_00,0,11.642047047615051,-0.4862212989412401,0,0,0
03355_00,0,11.61839234828949,-2.0090908345307983,0,0,0
04641_00,0,11.686740279197693,2.650950726858068,0,0,0
02769_00,0,11.656655490398407,0.0876115634764445,0,0,0
07841_00,0,11.934689104557037,17.997532319449437,0,0,0
03953_00,0,11.701720774173737,3.079639892219322,0,0,0
04519_00,0,11.633622527122498,-1.2123635348364885,0,0,0
05202_00,0,11.586662232875824,-3.6150246377021293,0,0,0
06737_00,0,12.542876482009888,55.28671410126435,0,0,1
07661_00,0,12.032335340976715,24.17617475649635,0,0,1
03996_00,0,11.593088984489441,-3.8965541676246467,0,0,0
02018_00,0,14.929624199867249,196.84977648884308,1,1,1
04306_00,0,11.593470990657806,-3.765918700894826,0,0,0
04077_00,0,11.606960117816925,-2.7190277607909636,0,0,0
06663_00,0,12.487177610397339,52.215531465281515,0,0,1
01565_00,0,11.805939018726349,8.875504072382512,0,0,0
05491_00,0,11.653945684432983,0.5458391427634066,0,0,0
00496_00,0,11.522837400436401,-7.9937556001738175,0,0,0
05724_00,0,11.626738548278809,-1.5544298683510074,0,0,0
07581_00,0,11.800460755825043,10.523845668194818,0,0,0
03119_00,0,11.675288021564484,1.6653825496181978,0,0,0
04922_00,0,11.705351054668427,3.2950191217781875,0,0,0
05442_00,0,11.70479154586792,3.8040463706320455,0,0,0
02989_00,0,11.561983942985535,-5.352080470249917,0,0,0
08556_00,0,12.229989647865295,36.99664053632007,0,0,1
08426_00,0,12.31532108783722,42.1521353859353,0,0,1
04270_00,0,11.63297688961029,-1.0164296052214201,0,0,0
05823_00,0,11.556637942790985,-5.562141158282181,0,0,0
01682_00,0,11.790014207363129,7.843775614886559,0,0,0
02292_00,0,11.598741173744202,-3.024179947183197,0,0,0
07077_00,0,12.420655250549316,47.985823013127415,0,0,1
06122_00,0,11.653887152671814,0.43892884384832564,0,0,0
03970_00,0,11.668034434318542,1.0139203514420763,0,0,0
07530_00,0,11.687312304973602,3.33941523399918,0,0,0
03284_00,0,11.583128452301025,-4.013959588001218,0,0,0
00769_00,0,11.67731088399887,1.8277545037651524,0,0,0
05112_00,0,11.674726963043213,1.7079431832028409,0,0,0
04852_00,0,11.662929058074951,0.8731216903195901,0,0,0
01336_00,0,11.704690277576447,2.329403369529205,0,0,0
07813_00,0,11.88521295785904,15.242378848254335,0,0,0
03243_00,0,11.675087690353394,1.206331696512777,0,0,0
04740_00,0,11.6516073346138,0.097121357468964,0,0,0
02273_00,0,11.607669472694397,-2.3908222522377347,0,0,0
08804_00,0,12.11694347858429,30.155085873202722,0,0,1
03589_00,0,11.571915447711945,-4.366166163692349,0,0,0
04247_00,0,11.699135065078735,3.2674754725993127,0,0,0
05067_00,0,11.577191293239594,-4.438151513080349,0,0,0
00664_00,0,11.624312996864319,-1.5759697609532664,0,0,0
06734_00,0,12.505653023719788,53.0803117289519,0,0,1
01749_00,0,11.922240257263184,15.581689879752897,0,0,1
07486_00,0,11.762123763561249,7.438054563290629,0,0,0
01525_00,0,11.871691823005676,12.783888216379689,0,0,0
08238_00,0,14.327134013175964,161.45807193354068,1,1,1
00107_00,0,11.607123732566833,-2.474258242999856,0,0,0
05611_00,0,11.792671203613281,8.81535653275333,0,0,0
06029_00,0,11.668574035167694,1.0752674953965646,0,0,0
06626_00,0,12.748903393745422,69.71769784584318,1,1,1
08024_00,0,11.9081130027771,16.244670717371193,0,0,0
08421_00,0,12.310965657234192,42.04188635305616,0,0,1
03086_00,0,11.661303997039795,0.7855170878785458,0,0,0
04892_00,0,11.665817558765411,1.1892907123709537,0,0,0
00128_00,0,11.582857549190521,-4.096250807572984,0,0,0
02214_00,0,11.560534656047821,-5.274960756380244,0,0,0
00301_00,0,11.615763425827026,-2.018475158011933,0,0,0
02547_00,0,11.578598082065582,-4.004315643402935,0,0,0
05150_00,0,11.525370717048645,-7.341414241027166,0,0,0
03318_00,0,11.5574551820755,-5.780733934893041,0,0,0
03526_00,0,11.62365311384201,-1.440858936768846,0,0,0
03234_00,0,11.709355533123016,3.41343722436507,0,0,0
05008_00,0,11.702822983264923,3.4609164690321994,0,0,0
04482_00,0,11.760753214359283,6.587378322095643,0,0,1
02125_00,0,11.652218878269196,-0.12337786659335939,0,0,0
05853_00,0,11.631926834583282,-0.9636017043514161,0,0,0
08263_00,0,11.981610894203186,22.103896852372543,0,0,1
08118_00,0,12.001335203647614,22.340050282326484,0,0,0
08413_00,0,12.315738320350647,42.14301721493193,0,0,1
07769_00,0,11.89650022983551,16.4396027607209,0,0,0
00586_00,0,11.525116324424744,-7.245632568412044,0,0,0
07141_00,0,11.956946671009064,19.37650881635292,0,0,0
08099_00,0,11.931939661502838,18.216590445543353,0,0,0
03428_00,0,11.611075222492218,-2.307275003082266,0,0,0
01184_00,0,11.679776668548584,1.5281524072447072,0,0,0
02438_00,0,11.567727863788605,-4.888256700311315,0,0,0
06588_00,0,13.414519309997559,109.51582805165941,1,1,1
04680_00,0,11.648308336734772,0.1343175261707752,0,0,0
05820_00,0,11.576313316822052,-4.139771111008221,0,0,0
05789_00,0,11.560889542102814,-5.2637649902859485,0,0,0
08412_00,0,12.308982849121094,41.62718447654476,0,0,1
03104_00,0,11.61341804265976,-2.047183944965849,0,0,0
03693_00,0,11.630702674388885,-0.9062450415881781,0,0,0
00796_00,0,11.675450623035431,1.900707514862697,0,0,0
08714_00,0,12.528594255447388,54.97538155455963,0,0,1
01188_00,0,11.746279060840607,5.3747072886787155,0,0,0
02661_00,0,11.717850625514984,3.7375408886678625,0,0,1
05646_00,0,11.687243700027466,2.2743691739752125,0,0,0
08490_00,0,12.166472315788269,33.72374545367806,0,0,1
03383_00,0,11.648225545883179,-0.28132299557448615,0,0,0
05843_00,0,11.559519112110138,-5.100004572253388,0,0,0
04911_00,0,11.720970749855042,4.199927159781517,0,0,0
05581_00,0,11.64891368150711,-0.045136857870929636,0,0,0
06143_00,0,11.73446649312973,5.212305217353035,0,0,0
05619_00,0,11.6719069480896,1.249932869856197,0,0,0
07204_00,0,11.909425556659698,16.209038128133724,0,0,0
08247_00,0,11.867032945156097,14.80812863425215,0,0,0
05962_00,0,11.584432423114777,-3.9135291859158334,0,0,0
01007_00,0,11.681415855884552,1.691676150827651,0,0,0
08184_00,0,11.985949635505676,21.746638548078764,0,0,0
08420_00,0,12.191283345222473,34.801697298431954,0,0,1
03521_00,0,11.581921398639679,-3.5467515375693024,0,0,0
01905_00,0,11.701613247394562,2.7298979262643686,0,0,0
02453_00,0,11.56918215751648,-4.734987755274046,0,0,0
03759_00,0,11.673405349254608,1.2360423469120834,0,0,0
06100_00,0,11.593055963516235,-3.2481153866641774,0,0,0
05649_00,0,11.56493228673935,-5.10997039710431,0,0,0
05775_00,0,11.629829049110413,-0.9486048768071109,0,0,0
07522_00,0,11.660126030445099,1.6448554705383034,0,0,0
03910_00,0,11.747057318687439,5.515731530163288,0,0,0
08739_00,0,12.443067073822021,49.70275591144167,0,0,1
00263_00,0,11.606507778167725,-2.864962743642231,0,0,0
04095_00,0,11.68152379989624,2.0140017563929318,0,0,0
00181_00,0,11.589388847351074,-3.8366705775947256,0,0,0
01493_00,0,11.73991996049881,4.82627655968504,0,0,0
03630_00,0,11.63308435678482,-0.5937225357965457,0,0,0
07518_00,0,11.677460670471191,2.5286912706616516,0,0,0
07913_00,0,11.971646070480347,19.898782587565915,0,0,1
01183_00,0,11.71586287021637,3.5844262469763732,0,0,0
05058_00,0,11.600392401218414,-2.9808387909887504,0,0,0
07856_00,0,11.866638779640198,13.916528938970302,0,0,0
03746_00,0,11.677460551261902,2.0002188222915787,0,0,0
03331_00,0,11.608362376689911,-2.3956452622933826,0,0,0
03925_00,0,11.75086784362793,6.142894494636835,0,0,0
06470_00,0,12.321191430091858,42.316944590548616,0,0,1
07284_00,0,12.051419615745544,24.8281454987637,0,0,1
05066_00,0,11.558010518550873,-5.338494451461001,0,0,0
00042_00,0,11.543959438800812,-6.546608035104948,0,0,0
02132_00,0,11.622699558734894,-1.8301495591800785,0,0,0
04262_00,0,11.651251912117004,0.07795979822166688,0,0,0
05391_00,0,11.623154401779175,-1.9372262788159955,0,0,0
01649_00,0,11.826789021492004,10.274922483751432,0,0,0
06356_00,0,12.203588128089905,34.180141949428126,0,0,1
05651_00,0,11.61348581314087,-2.0647122442675947,0,0,0
04114_00,0,11.712842106819153,3.5270903670502918,0,0,0
02626_00,0,12.426385283470154,46.15655709051351,0,0,1
04898_00,0,11.695034146308899,2.907693247550233,0,0,0
02442_00,0,11.54357647895813,-6.21985831994864,0,0,0
00131_00,0,11.565988063812256,-5.130833634053894,0,0,0
08146_00,0,11.92830103635788,18.158345365231217,0,0,0
08780_00,0,12.16536819934845,33.499594105406544,0,0,1
08632_00,0,12.565542340278625,56.76320572983159,0,0,1
00161_00,0,11.59075266122818,-3.6576859907996977,0,0,0
03607_00,0,11.56387996673584,-4.913259244213118,0,0,0
05414_00,0,11.69024384021759,2.909477573441583,0,0,0
06135_00,0,11.599056005477905,-2.7521474427287935,0,0,0
08454_00,0,12.182309746742249,34.1027033818111,0,0,1
03938_00,0,11.594334304332733,-3.235880557237287,0,0,0
08475_00,0,12.282448053359985,40.1455146353116,0,0,1
07003_00,0,12.375212907791138,45.45945270470683,0,0,1
07400_00,0,11.80502051115036,11.693227586070288,0,0,1
00829_00,0,11.640541851520538,-0.6338597186916746,0,0,0
01559_00,0,11.808645844459534,9.078732824574447,0,0,0
00044_00,0,11.579911708831787,-4.59466048078854,0,0,0
05302_00,0,11.577548027038574,-3.9160201274491317,0,0,0
07056_00,0,12.334855794906616,42.95073488781437,0,0,1
03786_00,0,12.249067664146423,37.561625464610465,0,0,1
06666_00,0,12.426218032836914,48.553891803742715,0,0,1
02339_00,0,11.564183354377747,-4.971546099335143,0,0,0
05730_00,0,11.626300036907196,-1.518700933500184,0,0,0
06986_00,0,12.30733871459961,41.61662396572151,0,0,1
06001_00,0,11.609231352806091,-2.1943460527810927,0,0,0
00071_00,0,11.632052659988403,-1.1199337186392397,0,0,0
07266_00,0,11.978359639644623,20.15459506921965,0,0,1
07650_00,0,11.981427907943726,20.298911296663594,0,0,1
00902_00,0,11.862793147563934,12.269380184387945,0,0,0
00419_00,0,11.536622405052185,-6.536582021206211,0,0,0
04612_00,0,11.67929756641388,1.929627830650395,0,0,0
08732_00,0,12.391700863838196,46.325702439026045,0,0,1
00127_00,0,11.586528837680817,-3.9197740272395016,0,0,0
03436_00,0,11.619982302188873,-1.8906562399930162,0,0,0
05247_00,0,11.631356179714203,-0.711625317906156,0,0,0
06057_00,0,11.60583233833313,-2.1975058339298785,0,0,0
06566_00,0,12.909414052963257,76.93901015739733,1,1,1
07178_00,0,11.858467876911163,13.447868734600624,0,0,0
02636_00,0,12.043087482452393,23.021859870573405,0,0,1
01703_00,0,11.745231926441193,5.38229010408306,0,0,0
00227_00,0,11.58267080783844,-4.2116840025142865,0,0,0
00432_00,0,11.638014912605286,-1.0619789655867569,0,0,0
03532_00,0,11.609901905059814,-2.129830879967025,0,0,0
02819_00,0,11.62920355796814,-1.4741213563761435,0,0,0
00059_00,0,11.658906698226929,0.5962431204612542,0,0,0
06454_00,0,12.39545750617981,47.64301127951006,0,0,1
06210_00,0,12.311798095703125,41.956133403906996,0,0,1
04548_00,0,11.619676947593689,-1.9052386287197594,0,0,0
00089_00,0,11.65548974275589,0.2446446484267933,0,0,0
03819_00,0,11.65795648097992,0.29477778138990346,0,0,0
05639_00,0,11.741576731204987,5.4260579125000925,0,0,0
04425_00,0,11.697972118854523,2.588355497541217,0,0,0
00830_00,0,11.672082245349884,1.1213332313845892,0,0,0
05417_00,0,11.656718373298645,0.3883015878680277,0,0,0
04185_00,0,11.669697225093842,1.2109925266029737,0,0,0
03398_00,0,11.657828867435455,0.42421684875759214,0,0,0
00144_00,0,11.55105984210968,-6.026618762398506,0,0,0
06119_00,0,11.689014494419098,2.566427295085589,0,0,0
08074_00,0,11.90367990732193,15.712100724684902,0,0,0
04199_00,0,11.735048472881317,5.17430024157653,0,0,0
02588_00,0,11.590868651866913,-3.360409625244002,0,0,0
07435_00,0,11.834553599357605,11.850271068172285,0,0,0
05107_00,0,11.64908629655838,-0.06964079744788026,0,0,0
01733_00,0,11.889764070510864,14.023597197615704,0,0,0
03702_00,0,11.657212615013123,0.6294300114794061,0,0,0
04240_00,0,11.659031927585602,0.5237235499903232,0,0,0
05222_00,0,11.541025161743164,-6.268185920016576,0,0,0
04191_00,0,11.650172531604767,0.09210345280514493,0,0,0
05267_00,0,11.615766167640686,-1.5896425626186519,0,0,0
02211_00,0,11.581575512886047,-3.9681897174104837,0,0,0
00261_00,0,11.583053767681122,-4.113339355874302,0,0,0
05534_00,0,11.676738262176514,1.883242885182187,0,0,0
03227_00,0,11.752163112163544,5.968787549167455,0,0,0
01221_00,0,11.77482694387436,7.046671769668084,0,0,0
05006_00,0,12.53899085521698,55.18905730400975,0,0,1
07645_00,0,14.469557523727417,170.16689620606599,1,1,1
08374_00,0,12.158897042274475,32.373591748640855,0,0,1
05020_00,0,11.649118423461914,-0.16003534107912382,0,0,0
08579_00,0,12.165271997451782,32.66273780105791,0,0,1
06423_00,0,12.155290722846985,31.65150140870886,0,0,1
04397_00,0,16.748271226882935,309.8667170222201,1,1,1
00534_00,0,11.556576013565063,-5.524076532858065,0,0,0
07842_00,0,11.937865614891052,18.272246315320615,0,0,0
00702_00,0,11.620540618896484,-1.8186764227625,0,0,0
00998_00,0,11.730903029441833,4.63360200984946,0,0,0
04126_00,0,11.7305868268013,4.913956341689966,0,0,0
03597_00,0,11.621119260787964,-1.7348843636790283,0,0,0
05023_00,0,11.675798952579498,1.4680400109748937,0,0,0
03714_00,0,11.75330638885498,6.135051355958604,0,0,0
06066_00,0,11.57938301563263,-3.9963827593478727,0,0,0
07719_00,0,12.092699646949768,28.3688492370265,0,0,0
08047_00,0,11.934614717960358,18.588606927771025,0,0,0
05159_00,0,11.587537348270416,-3.8225267325973755,0,0,0
05668_00,0,11.607744932174683,-2.750168200620903,0,0,0
05655_00,0,11.679032742977142,1.4992877863836778,0,0,0
05205_00,0,11.53087592124939,-6.773222677596673,0,0,0
04722_00,0,11.579282760620117,-4.068602917538149,0,0,0
03735_00,0,11.596801102161407,-3.3193646348727333,0,0,0
00335_00,0,11.602981746196747,-2.5441047884831622,0,0,0
05808_00,0,11.606065213680267,-2.100158938419988,0,0,0
01369_00,0,11.731720447540283,4.2379445712279775,0,0,0
06167_00,0,12.475769877433777,51.46963130983803,0,0,1
08715_00,0,12.472605228424072,51.258810952243,0,0,1
08364_00,0,12.038491606712341,25.428157236586088,0,0,1
04207_00,0,11.572096049785614,-4.611157062693609,0,0,0
02868_00,0,11.706008911132812,3.229721144383066,0,0,0
04945_00,0,11.607632875442505,-2.295615566605511,0,0,0
01660_00,0,11.809757351875305,8.94773134919237,0,0,1
00453_00,0,11.501893281936646,-9.067519022177349,0,0,0
00030_00,0,11.548081517219543,-6.187590324758162,0,0,0
03271_00,0,11.682681262493134,1.8715480290101474,0,0,0
01289_00,0,11.837352931499481,10.70646987956552,0,0,0
02970_00,0,11.559038937091827,-5.485573888693963,0,0,0
05784_00,0,11.629509091377258,-1.0012029452650812,0,0,0
04736_00,0,11.56701910495758,-4.700344802053008,0,0,0
08252_00,0,11.93181437253952,18.355893966769003,0,0,1
06099_00,0,11.591195523738861,-3.4942938481943573,0,0,0
03022_00,0,11.589705884456635,-3.3947219385453327,0,0,0
08727_00,0,12.389999628067017,46.38168987962715,0,0,1
06020_00,0,11.587676286697388,-3.254801724186836,0,0,0
04481_00,0,11.756870150566101,6.2765527865949275,0,0,1
02069_00,0,11.676954925060272,1.560303535440036,0,0,0
05722_00,0,11.601128280162811,-3.00701681577674,0,0,0
04871_00,0,11.674568712711334,1.4387814683884899,0,0,0
06205_00,0,12.419973850250244,47.28963379331451,0,0,1
06535_00,0,12.646303057670593,61.94469606353056,0,0,1
07958_00,0,12.065194368362427,25.58392156603984,0,0,0
05519_00,0,11.642306089401245,-0.22991359503942568,0,0,0
00585_00,0,11.528378069400787,-6.966848864779264,0,0,0
06837_00,0,12.743633508682251,67.27980578416637,1,1,1
01707_00,0,11.755118727684021,6.0800539200854,0,0,0
08227_00,0,11.977298498153687,20.363740751027674,0,0,0
00281_00,0,11.605943739414215,-2.8277470869674173,0,0,0
04202_00,0,11.717126250267029,4.036752156636078,0,0,0
04531_00,0,11.649953722953796,0.12870863496967455,0,0,0
01828_00,0,11.674951434135437,1.2538192663548677,0,0,0
03316_00,0,11.586296916007996,-3.9111648913575205,0,0,0
04147_00,0,11.703035533428192,3.4519508414808944,0,0,0
07949_00,0,12.045024633407593,24.49251223022513,0,0,1
00839_00,0,11.601048111915588,-3.078276555223111,0,0,0
07397_00,0,11.826772272586823,13.005282368318149,0,0,0
05313_00,0,11.625297963619232,-1.1830450310595177,0,0,0
01847_00,0,11.693317472934723,2.4115996256867627,0,0,0
05919_00,0,11.627262353897095,-1.304413047059934,0,0,0
02628_00,0,12.407838225364685,45.152617876168634,0,0,1
05358_00,0,11.6187185049057,-1.5678356393883015,0,0,0
02144_00,0,11.57770848274231,-4.0561960692186565,0,0,0
03443_00,0,11.5919349193573,-3.478417371394627,0,0,0
02945_00,0,11.612499833106995,-2.3383258749461344,0,0,0
07573_00,0,11.787423729896545,9.48860993075794,0,0,0
04806_00,0,11.839292645454407,11.145022632506794,0,0,0
01547_00,0,11.843490302562714,11.263026929772229,0,0,1
04782_00,0,11.645394563674927,-0.18225328638140648,0,0,0
07789_00,0,11.924589693546295,18.02024493313919,0,0,0
08002_00,0,11.882183492183685,14.799348347751991,0,0,0
00746_00,0,11.646315097808838,-0.33401559557616606,0,0,0
02015_00,0,14.915629148483276,196.68235759871962,1,1,1
01162_00,0,11.720147669315338,3.724281781299388,0,0,0
06813_00,0,12.671483874320984,62.483563762402845,0,0,1
01086_00,0,11.733938455581665,4.547661764022816,0,0,0
01013_00,0,11.635648667812347,-1.105155474937553,0,0,0
00098_00,0,11.628405034542084,-1.2714978229465226,0,0,0
04913_00,0,11.704857885837555,3.169515027679549,0,0,0
05092_00,0,11.679435908794403,1.5771902927215953,0,0,0
08036_00,0,11.909408032894135,16.523053735421325,0,0,0
02702_00,0,11.732250332832336,4.676263646812084,0,0,0
03357_00,0,11.676142692565918,1.5141419537876475,0,0,0
08801_00,0,12.123971581459045,30.545411712649624,0,0,1
04578_00,0,11.625110745429993,-1.583850561181103,0,0,0
08130_00,0,12.011310338973999,23.289170383175776,0,0,0
07784_00,0,11.924591779708862,18.284237400670897,0,0,0
04712_00,0,11.602635562419891,-2.8938437108210984,0,0,0
03048_00,0,11.586665034294128,-3.8135235698732646,0,0,0
03078_00,0,11.627037465572357,-0.869244295533824,0,0,0
08148_00,0,11.928482472896576,18.068138558978664,0,0,0
02595_00,0,11.551584124565125,-5.921852935576212,0,0,0
01491_00,0,11.752865135669708,5.285223932339144,0,0,0
00208_00,0,11.600433588027954,-3.3766270241966567,0,0,0
04172_00,0,11.728449642658234,4.9087877645041305,0,0,0
08414_00,0,12.31800639629364,42.10830887349793,0,0,1
03479_00,0,11.648674368858337,0.04452141295219775,0,0,0
00407_00,0,11.60198038816452,-2.7922452817318155,0,0,0
06747_00,0,12.430012583732605,48.484731585730856,0,0,1
02573_00,0,11.527713000774384,-7.16836222592972,0,0,0
04321_00,0,11.587121784687042,-3.7041010907424585,0,0,0
08383_00,0,12.266776323318481,38.890547824199075,0,0,1
03069_00,0,11.667675018310547,1.6325147007322918,0,0,0
04638_00,0,11.657296240329742,0.4867228368990263,0,0,0
07751_00,0,11.916700422763824,17.698643220874335,0,0,0
05134_00,0,11.5570427775383,-5.45706682407049,0,0,0
06142_00,0,11.70593011379242,3.710568067541158,0,0,0
07393_00,0,13.692700982093811,125.88637003567467,1,1,1
00267_00,0,11.637939393520355,-0.7855438312366106,0,0,0
02283_00,0,11.518226742744446,-7.878680302431839,0,0,0
02280_00,0,11.567602455615997,-5.095325144354342,0,0,0
00990_00,0,11.700903177261353,2.958666446455698,0,0,0
04003_00,0,11.649447441101074,-0.1181351099313881,0,0,0
00864_00,0,11.803982257843018,8.77362833700552,0,0,0
06234_00,0,12.306658506393433,41.74241590869261,0,0,1
03651_00,0,11.572270929813385,-4.433687552717906,0,0,0
05261_00,0,11.548957586288452,-5.931066146121571,0,0,0
08359_00,0,12.134111940860748,30.536984080861387,0,0,1
08179_00,0,11.846209108829498,12.296448509514548,0,0,0
00522_00,0,11.605768740177155,-2.7791870108100487,0,0,0
02609_00,0,11.57424646615982,-4.433378697475513,0,0,0
07234_00,0,11.905970633029938,15.748078438735753,0,0,1
03450_00,0,11.55168902873993,-5.814090720994607,0,0,0
03816_00,0,11.70573216676712,3.122939936343235,0,0,0
06207_00,0,12.323106408119202,42.223028615023985,0,0,1
06617_00,0,12.49305534362793,53.26818780007497,0,0,1
00450_00,0,11.51083379983902,-8.665742184920463,0,0,0
07023_00,0,12.201214909553528,34.993345315994084,0,0,1
00679_00,0,11.571186900138855,-4.63674005360993,0,0,0
05963_00,0,11.573340952396393,-4.644055751325763,0,0,0
00847_00,0,11.64788806438446,-0.2048147450747928,0,0,0
00173_00,0,11.602580428123474,-2.906489835833021,0,0,0
08276_00,0,12.037200927734375,24.49909965064444,0,0,0
06321_00,0,12.189732074737549,35.640608658125245,0,0,1
05323_00,0,11.564026236534119,-4.6456226025089915,0,0,0
02995_00,0,11.657265663146973,0.23944915432153446,0,0,0
03237_00,0,11.681110978126526,1.5683357148974588,0,0,0
03080_00,0,11.668375670909882,1.509544612322151,0,0,0
04974_00,0,11.626474678516388,-1.3200324445994835,0,0,0
00646_00,0,11.577014565467834,-4.174594205368485,0,0,0
05485_00,0,11.635909140110016,-0.6654192843133514,0,0,0
07033_00,0,12.290871262550354,40.34187568662297,0,0,1
06439_00,0,12.313232123851776,40.84604657816909,0,0,1
04843_00,0,11.671685338020325,1.5487982484607163,0,0,0
04762_00,0,11.678539395332336,1.9279803346321795,0,0,0
07570_00,0,11.76185017824173,7.919740261771288,0,0,0
07806_00,0,11.8607137799263,13.893534479907082,0,0,0
07370_00,0,12.055660545825958,25.277749421836077,0,0,1
08054_00,0,12.006634056568146,22.766209436948078,0,0,0
00735_00,0,11.605996310710907,-2.743289665675668,0,0,0
04593_00,0,11.604234993457794,-3.015737468399532,0,0,0
00346_00,0,11.576412379741669,-4.713909201918811,0,0,0
00441_00,0,11.544834554195404,-6.303876482560516,0,0,0
00527_00,0,11.577015340328217,-4.2894733202146895,0,0,0
06651_00,0,12.24125063419342,37.32778121021528,0,0,1
04536_00,0,11.646398365497589,-0.5739595102592043,0,0,0
04530_00,0,11.656918466091156,0.4449020831586067,0,0,0
03559_00,0,11.612654745578766,-1.9637526962549785,0,0,0
00370_00,0,11.640506446361542,-0.4946774075037529,0,0,0
02202_00,0,11.566361486911774,-5.132721467022289,0,0,0
00475_00,0,11.612074315547943,-2.345071471310566,0,0,0
00652_00,0,11.564863920211792,-5.08361227983706,0,0,0
02481_00,0,11.592081606388092,-3.4680720474645286,0,0,0
03719_00,0,11.637671828269958,-0.9063011363144935,0,0,0
02386_00,0,11.525213301181793,-7.263812491905737,0,0,0
02385_00,0,11.534753680229187,-6.722102858399051,0,0,0
00969_00,0,11.780589044094086,7.091542509361281,0,0,0
03805_00,0,11.781270861625671,7.737932218413105,0,0,0
05204_00,0,11.568857789039612,-4.718997395546371,0,0,0
05314_00,0,11.617352783679962,-1.797729614428083,0,0,0
02586_00,0,11.586385369300842,-3.7578363663916976,0,0,0
00416_00,0,11.578025221824646,-4.351554877549296,0,0,0
03113_00,0,11.63764774799347,-0.5951907875081902,0,0,0
01724_00,0,11.777863621711731,7.3612335474292125,0,0,0
01972_00,0,11.705046117305756,2.965584971132424,0,0,0
07553_00,0,11.75631296634674,7.496633242742524,0,0,0
08029_00,0,11.865733742713928,13.37173706100791,0,0,0
02182_00,0,11.617976188659668,-1.7803312860086198,0,0,0
05539_00,0,11.582728803157806,-4.0637937338578585,0,0,0
01415_00,0,11.749041080474854,5.617926904083751,0,0,0
06557_00,0,12.701874732971191,64.45652243684506,0,0,1
02649_00,0,11.803447246551514,8.82654872377976,0,0,0
01497_00,0,11.730594217777252,4.522139091251962,0,0,0
02334_00,0,11.543690621852875,-5.918395745213951,0,0,0
04361_00,0,11.658164620399475,0.8638617319329875,0,0,0
02503_00,0,11.589890718460083,-3.4035317118531556,0,0,0
00019_00,0,11.614850044250488,-1.976202182191179,0,0,0
02050_00,0,11.568531692028046,-5.121662571521891,0,0,0
07633_00,0,11.859089612960815,13.465639577252732,0,0,0
02953_00,0,11.625166475772858,-1.6307680180978603,0,0,0
03073_00,0,11.634652972221375,-0.6016973001558394,0,0,0
07210_00,0,11.91068971157074,16.170011776317423,0,0,1
00978_00,0,11.799891412258148,8.935506727431077,0,0,0
05997_00,0,11.602775275707245,-2.726763307345041,0,0,0
00438_00,0,11.598106563091278,-3.080888998756082,0,0,0
03510_00,0,11.60806280374527,-2.579310040120213,0,0,0
07068_00,0,12.355107307434082,44.1448600815406,0,0,1
05459_00,0,11.756571829319,6.317915995609211,0,0,0
02429_00,0,11.528529822826385,-6.949322759659091,0,0,0
00983_00,0,11.789596140384674,8.103814736559157,0,0,0
00560_00,0,11.606234669685364,-2.875287986067658,0,0,0
03219_00,0,11.768345355987549,6.83202453028615,0,0,1
05210_00,0,11.519398152828217,-7.461076187318155,0,0,0
05355_00,0,11.632651925086975,-0.7379014825478543,0,0,0
01665_00,0,11.857526421546936,12.331959365488647,0,0,0
02704_00,0,11.754694402217865,5.92542314418219,0,0,0
08633_00,0,12.572235345840454,57.26447482226766,0,0,1
05630_00,0,11.722218453884125,3.9015945197705713,0,0,0
01618_00,0,11.779430627822876,7.542228943194758,0,0,0
05027_00,0,11.578770995140076,-4.762889526422879,0,0,0
02061_00,0,11.687639117240906,1.979198936565572,0,0,0
00319_00,0,11.611233830451965,-2.39881814744862,0,0,0
02613_00,0,11.585886240005493,-4.089997047050156,0,0,0
07947_00,0,12.018779397010803,22.700703671877946,0,0,1
03196_00,0,11.98966246843338,19.82277929374809,0,0,1
05272_00,0,11.611006557941437,-2.0431724651794605,0,0,0
06195_00,0,12.265623331069946,38.89176811579283,0,0,1
07889_00,0,11.921917200088501,17.07734069254571,0,0,0
07621_00,0,11.872174143791199,14.202294109878009,0,0,0
03635_00,0,11.556986451148987,-5.404888751345197,0,0,0
01226_00,0,11.696951568126678,2.2904527423724907,0,0,0
04091_00,0,11.669604659080505,1.2607308437813427,0,0,1
04460_00,0,11.71720439195633,4.08089854893136,0,0,0
08462_00,0,12.1358003616333,32.14936016660766,0,0,1
01989_00,0,11.712021231651306,3.1250457982928475,0,0,0
08750_00,0,12.44797146320343,49.43661025110754,0,0,1
08751_00,0,12.32439637184143,42.25650084541445,0,0,1
03434_00,0,11.667270600795746,1.3752554237007166,0,0,0
03867_00,0,11.632204234600067,-1.0498632451214371,0,0,0
04041_00,0,11.700281381607056,3.3810636774673184,0,0,0
06945_00,0,12.382697939872742,45.876048892116025,0,0,1
07331_00,0,12.035593926906586,23.729939836859643,0,0,1
02369_00,0,11.579018473625183,-3.9658525539351452,0,0,0
00885_00,0,11.82521802186966,9.974865355037693,0,0,0
08729_00,0,12.38038420677185,45.73233457069657,0,0,1
00935_00,0,11.87420129776001,13.088112177361232,0,0,1
05488_00,0,11.668244779109955,1.2925314298085726,0,0,0
02592_00,0,11.532566130161285,-7.13657175502987,0,0,0
07506_00,0,11.669960498809814,2.1762291453275058,0,0,0
05406_00,0,11.675377547740936,1.7927409341401357,0,0,0
00474_00,0,11.631436109542847,-1.1144730653106296,0,0,0
06015_00,0,11.62744802236557,-1.023380419055613,0,0,0
05938_00,0,11.63837593793869,-0.7167971539145632,0,0,0
02916_00,0,11.75829291343689,7.083446110382537,0,0,0
05281_00,0,11.624562501907349,-1.0385881475577827,0,0,0
03281_00,0,11.682979881763458,1.7046115729749667,0,0,0
06133_00,0,11.757126331329346,6.703299222535389,0,0,0
07487_00,0,11.76060301065445,7.482919340251058,0,0,0
01465_00,0,11.863232791423798,12.3771885344134,0,0,0
07674_00,0,11.98543643951416,21.107402387135856,0,0,1
08266_00,0,12.003699779510498,23.354540520091593,0,0,1
01212_00,0,11.687132477760315,1.6531440120325898,0,0,0
06378_00,0,12.120595335960388,30.776321707416592,0,0,1
07176_00,0,11.863184750080109,13.463532784507189,0,0,1
04685_00,0,11.688475668430328,2.410016687335109,0,0,0
06326_00,0,12.139503121376038,32.440831046210086,0,0,1
00095_00,0,11.673922657966614,1.3682753973023898,0,0,0
02977_00,0,11.64568954706192,-0.3539558480810494,0,0,0
06990_00,0,12.289498329162598,40.51566281884149,0,0,1
08209_00,0,11.903200387954712,15.830077347720373,0,0,1
07630_00,0,11.867922246456146,14.006652689883538,0,0,0
02160_00,0,11.543574512004852,-6.219835489414687,0,0,0
07492_00,0,11.78439861536026,8.998213679075347,0,0,0
06438_00,0,12.275968849658966,38.832352854402444,0,0,1
00800_00,0,11.700028419494629,2.936701589086151,0,0,0
02289_00,0,11.59172385931015,-3.4096054985342015,0,0,0
07648_00,0,11.96487295627594,19.243484110848744,0,0,1
07362_00,0,12.000079572200775,21.678366511766868,0,0,1
06974_00,0,12.408295392990112,47.436845376711354,0,0,1
05065_00,0,11.560871481895447,-5.340395230972568,0,0,0
03396_00,0,11.662905216217041,0.777353635756856,0,0,0
02845_00,0,11.619491159915924,-1.9786612347097576,0,0,0
02629_00,0,12.422382593154907,45.877812041519185,0,0,1
05787_00,0,11.549337029457092,-6.028236726949243,0,0,0
08689_00,0,12.350057721138,44.11681033537503,0,0,1
00726_00,0,11.617168545722961,-1.7626455127251064,0,0,0
04019_00,0,11.666204512119293,0.8066212937502976,0,0,0
04642_00,0,11.665457487106323,1.3347621778966723,0,0,0
00995_00,0,11.680394768714905,1.5175119201651321,0,0,0
08987_00,1,12.90919053554535,77.38501021084431,1,1,1
08960_00,1,12.919616460800171,77.79577707389264,1,1,1
09191_00,1,12.887283444404602,75.40884932494804,1,1,1
08903_00,1,12.856993079185486,73.65333548361893,1,1,1
09083_00,1,12.906812906265259,76.94475634757913,1,1,1
08985_00,1,12.88503110408783,76.12658628088221,1,1,1
08827_00,1,41.0214958190918,1775.674386735563,1,1,1
09101_00,1,12.843303680419922,72.91137759776323,1,1,1
08926_00,1,12.810922980308533,71.36265688889726,1,1,1
08924_00,1,12.833819270133972,72.8575130956647,1,1,1
09090_00,1,12.78593373298645,69.32629752977316,1,1,1
09004_00,1,12.923774719238281,78.0662368083757,1,1,1
08908_00,1,12.776296496391296,69.34861774241188,1,1,1
08968_00,1,12.881461143493652,75.57933278650566,1,1,1
09196_00,1,12.899075746536255,76.13450599018918,1,1,1
09044_00,1,12.866636037826538,74.97947194663604,1,1,1
08929_00,1,12.792410373687744,70.18979914372787,1,1,1
08950_00,1,12.831103920936584,72.8482117972103,1,1,1
09072_00,1,12.827637076377869,72.50872328039459,1,1,1
09063_00,1,12.84187650680542,73.66022989180368,1,1,1
08878_00,1,12.713405013084412,65.06527304882732,1,1,1
09187_00,1,12.754929900169373,67.56615115233355,1,1,1
08910_00,1,12.830422759056091,72.55378792190493,1,1,1
09049_00,1,12.855893015861511,74.1395195455526,1,1,1
09106_00,1,12.729234337806702,66.2495694897308,1,1,1
09113_00,1,12.722825527191162,65.35410804939221,1,1,1
09107_00,1,12.701477408409119,64.58598325038398,0,0,1
09041_00,1,12.894548177719116,76.82722813546016,1,1,1
09160_00,1,12.850810647010803,73.2322895314185,1,1,1
09195_00,1,12.89349913597107,75.73233043544764,1,1,1
08940_00,1,12.881098628044128,75.82877558045287,1,1,1
08986_00,1,12.88926911354065,76.48203760355213,1,1,1
09194_00,1,12.939995765686035,78.55867867655346,1,1,1
08913_00,1,12.87410295009613,75.27455459488313,1,1,1
09056_00,1,12.848328709602356,74.02387091808404,1,1,1
09109_00,1,12.709625601768494,65.17899642351728,1,1,1
08843_00,1,12.865249156951904,73.75456270507021,1,1,1
09097_00,1,12.828784584999084,72.35324560833018,1,1,1
08938_00,1,12.847545742988586,73.64644032682176,1,1,1
08923_00,1,12.839710712432861,73.11084859645631,1,1,1
08970_00,1,12.885125875473022,75.77542499487977,1,1,1
08928_00,1,12.817586064338684,71.79293473611304,1,1,1
08891_00,1,12.830968618392944,72.48771233187735,1,1,1
08991_00,1,12.867139220237732,74.96844345140109,1,1,1
08851_00,1,12.808335900306702,70.22590922959138,1,1,1
08971_00,1,12.87524950504303,75.20183722372887,1,1,1
09152_00,1,12.873934149742126,75.18062822903292,1,1,1
09048_00,1,12.850940704345703,74.02476948578214,1,1,1
09096_00,1,12.864090323448181,74.6019064150974,1,1,1
09080_00,1,12.899906992912292,76.50926148843435,1,1,1
09027_00,1,12.87347936630249,75.27528296932327,1,1,1
08855_00,1,12.834370017051697,72.60998800165241,1,1,1
09175_00,1,12.856724858283997,73.19031239082906,1,1,1
08930_00,1,12.821070432662964,71.8780372367155,1,1,1
09002_00,1,12.782144665718079,69.86497448133409,1,1,1
09147_00,1,12.894909024238586,76.74529571814078,1,1,1
08941_00,1,12.902850031852722,77.15615660584633,1,1,1
08922_00,1,12.822502493858337,72.12209463794903,1,1,1
09065_00,1,12.82511818408966,72.51658879547986,1,1,1
08868_00,1,12.820832014083862,71.39583420805263,1,1,1
08889_00,1,12.85136091709137,73.53435357479329,1,1,1
08947_00,1,12.96109127998352,80.38388758161813,1,1,1
09124_00,1,12.799040913581848,70.15065833687548,1,1,1
09133_00,1,12.848917722702026,72.85929836152518,1,1,1
09111_00,1,12.795298099517822,69.6587871079721,1,1,1
09108_00,1,12.721556782722473,65.7327896267184,1,1,1
09047_00,1,12.851529359817505,74.13218895200905,1,1,1
09024_00,1,12.824683904647827,72.59246569112469,1,1,1
09170_00,1,12.81424343585968,71.12342609486342,1,1,1
09198_00,1,12.872299432754517,74.60703623316277,1,1,1
09119_00,1,12.89974856376648,76.27402217626629,1,1,1
09094_00,1,12.878347396850586,75.33622192005475,1,1,1
09115_00,1,12.753530740737915,67.01986137081515,1,1,1
08949_00,1,12.838382840156555,73.30502661534584,1,1,1
09126_00,1,12.786223649978638,69.40406317849761,1,1,1
09178_00,1,12.871669173240662,74.43406081742732,1,1,1
09123_00,1,12.814044713973999,71.0419454206399,1,1,1
08993_00,1,12.88014018535614,75.79132233989715,1,1,1
08844_00,1,12.852154731750488,72.88783554818303,1,1,1
09015_00,1,12.884042143821716,75.99642899025147,1,1,1
09025_00,1,12.80451250076294,71.4826268264123,1,1,1
08819_00,1,40.06963014602661,1718.3180597839948,1,1,1
08966_00,1,12.89154827594757,75.97847741910475,1,1,1
09007_00,1,12.871598839759827,75.17538691179831,1,1,1
08972_00,1,12.872129201889038,74.98198638089562,1,1,1
08907_00,1,12.75746202468872,68.19075915174031,1,1,1
09030_00,1,12.829717874526978,72.64001509269977,1,1,1
09137_00,1,12.778665542602539,68.92473434544063,1,1,1
09095_00,1,12.863635420799255,74.46416594188258,1,1,1
09186_00,1,12.810645818710327,70.75361551329568,1,1,1
08931_00,1,12.840253591537476,73.30812756395349,1,1,1
09022_00,1,12.824000477790833,72.52235723407978,1,1,1
09155_00,1,12.847563028335571,72.81733043657077,1,1,1
08920_00,1,12.809463143348694,71.4016848172527,1,1,1
08918_00,1,12.83908760547638,73.306873033782,1,1,1
08841_00,1,12.858209252357483,73.46567554142271,1,1,1
08854_00,1,12.803166031837463,70.71572269692761,1,1,1
09050_00,1,12.816328644752502,71.70047924853932,1,1,1
08943_00,1,12.97044587135315,80.98383437396062,1,1,1
08980_00,1,13.014206171035767,83.56587253297418,1,1,1
08992_00,1,12.848568677902222,73.90776830707415,1,1,1
08848_00,1,12.794164896011353,69.40485538937467,1,1,1
09098_00,1,12.825845956802368,72.01868591020633,1,1,1
09001_00,1,12.820075154304504,72.16209832064881,1,1,1
08849_00,1,12.825503945350647,71.25034722546206,1,1,1
09085_00,1,12.885103464126587,75.836655953628,1,1,1
08900_00,1,12.78476893901825,69.19470622712112,1,1,1
08831_00,1,39.474246978759766,1681.5690520792975,1,1,1
08905_00,1,12.824313521385193,71.78214387467379,1,1,1
08996_00,1,12.882451295852661,75.70325574868151,1,1,1
08828_00,1,38.759931564331055,1638.3937933255474,1,1,1
08946_00,1,12.938053965568542,79.02008656937306,1,1,1
08871_00,1,12.753656148910522,67.76563318947592,1,1,1
08956_00,1,12.85817837715149,74.52704754283239,1,1,1
09005_00,1,12.876659989356995,75.43136320431,1,1,1
09163_00,1,12.862324237823486,73.67594822049166,1,1,1
09017_00,1,12.8827623128891,76.06669476517138,1,1,1
09054_00,1,12.867257595062256,75.14318658190786,1,1,1
08933_00,1,12.877500534057617,75.31508189442594,1,1,1
08999_00,1,12.788509845733643,70.23743364111006,1,1,1
08825_00,1,41.19116258621216,1786.1488942647507,1,1,1
08939_00,1,12.870202779769897,74.98442093355699,1,1,1
09177_00,1,12.847817659378052,73.02032794488471,1,1,1
09168_00,1,12.805245637893677,70.57662774594354,1,1,1
09132_00,1,12.87465763092041,74.33537446437205,1,1,1
08862_00,1,12.78809642791748,69.77990613586528,1,1,1
09037_00,1,12.870876431465149,75.10824699736672,1,1,1
09045_00,1,12.847667694091797,73.84539898976544,1,1,1
08912_00,1,12.804136157035828,70.96281451686545,1,1,1
08845_00,1,12.844303965568542,72.39142315361502,1,1,1
08957_00,1,12.880942225456238,75.86035382022763,1,1,1
08821_00,1,40.00348949432373,1714.3812767600466,1,1,1
09039_00,1,12.889151692390442,76.56460513329209,1,1,1
09127_00,1,12.817352175712585,71.16517092354228,1,1,1
09117_00,1,12.877930045127869,75.23662086295603,1,1,1
09169_00,1,12.831971526145935,72.24400224064475,1,1,1
08964_00,1,12.914266467094421,77.58024099010834,1,1,1
08838_00,1,13.098453760147095,87.45648218317751,1,1,1
08885_00,1,12.801988363265991,70.8260915171447,1,1,1
09031_00,1,12.901344895362854,76.85844699469261,1,1,1
08902_00,1,12.815415501594543,71.35565451615062,1,1,1
09184_00,1,12.812593460083008,70.80332514296705,1,1,1
08832_00,1,39.40005970001221,1677.3832081851583,1,1,1
08981_00,1,12.995323896408081,82.48552356957646,1,1,1
09088_00,1,12.799105644226074,70.37269378393351,1,1,1
09141_00,1,12.878616094589233,75.2805273174579,1,1,1
08884_00,1,12.772583365440369,69.2479887473262,1,1,1
09010_00,1,12.887044906616211,76.52724786037687,1,1,1
08840_00,1,13.15238618850708,91.05121424964469,1,1,1
08954_00,1,12.843923807144165,73.72288942739574,1,1,1
08856_00,1,12.806917428970337,71.12367412764793,1,1,1
09086_00,1,12.925153732299805,78.28766101861456,1,1,1
09190_00,1,12.891806244850159,75.50374753211867,1,1,1
09102_00,1,12.848618626594543,73.14537078811622,1,1,1
09100_00,1,12.814331769943237,71.201160472032,1,1,1
08967_00,1,12.882488012313843,75.71463429348006,1,1,1
08887_00,1,12.740676999092102,67.27645176721379,1,1,1
09077_00,1,12.90428340435028,77.04284473298276,1,1,1
09034_00,1,12.892019271850586,76.42514691868614,1,1,1
09193_00,1,12.911316394805908,76.89286310318656,1,1,1
08906_00,1,12.83458161354065,72.3256715908086,1,1,1
08890_00,1,12.819992661476135,71.87702020707673,1,1,1
08927_00,1,12.811163663864136,71.38195144417232,1,1,1
08998_00,1,12.772128224372864,69.16580605667978,1,1,1
09122_00,1,12.909302353858948,76.85249820386191,1,1,1
08997_00,1,12.785076975822449,70.1292846519185,1,1,1
09173_00,1,12.812559962272644,70.5686021792276,1,1,1
09057_00,1,12.841803073883057,73.28482938643323,1,1,1
08994_00,1,12.86556887626648,74.8335867891393,1,1,1
09076_00,1,12.911728620529175,77.47777708427853,1,1,1
09144_00,1,12.903983473777771,76.65366056221747,1,1,1
08979_00,1,13.037927389144897,85.0371643996703,1,1,1
09081_00,1,12.892562627792358,76.23246099845107,1,1,1
09143_00,1,12.912813305854797,77.26440971434798,1,1,1
09091_00,1,12.761330723762512,67.68475538867574,1,1,1
09087_00,1,12.814034819602966,71.17174122971502,1,1,1
09008_00,1,12.868465542793274,75.07230500394544,1,1,1
08958_00,1,12.859595537185669,74.27015817324266,1,1,1
08826_00,1,41.167256355285645,1784.4189791142371,1,1,1
09075_00,1,12.877708792686462,75.46662870559216,1,1,1
09157_00,1,12.823836207389832,71.5043882494752,1,1,1
08859_00,1,12.716409802436829,65.38726473906472,1,1,1
09164_00,1,12.870368361473083,74.35313720600621,1,1,1
08879_00,1,12.714854955673218,65.18636336733951,1,1,1
09099_00,1,12.857358813285828,73.7839418288457,1,1,1
08990_00,1,12.863581418991089,74.80643423963214,1,1,1
09140_00,1,12.801814198493958,70.16159077298482,1,1,1
08914_00,1,12.832742094993591,73.06014844959012,1,1,1
09174_00,1,12.825854778289795,71.28660052700238,1,1,1
09066_00,1,12.78699803352356,70.3594919491918,1,1,1
09035_00,1,12.861379265785217,74.6746922210283,1,1,1
09199_00,1,12.879998087882996,75.07563490494312,1,1,1
08852_00,1,12.825192928314209,71.41664457073834,1,1,1
09158_00,1,12.813915729522705,70.99710076692052,1,1,1
08942_00,1,12.90347170829773,77.1852225141248,1,1,1
08858_00,1,12.772444248199463,68.99611162939341,1,1,1
09064_00,1,12.835833191871643,73.25961730839855,1,1,1
09074_00,1,12.842567443847656,73.52586471856968,1,1,1
08909_00,1,12.80387556552887,71.10903472483069,1,1,1
08861_00,1,12.764652132987976,68.3042119079887,1,1,1
08846_00,1,12.80893099308014,70.23906569964058,1,1,1
08836_00,1,13.03147304058075,83.52489488481585,1,1,1
09131_00,1,12.835538864135742,72.06774443593447,1,1,1
08988_00,1,12.909910440444946,77.57151844096506,1,1,1
09154_00,1,12.842934131622314,72.62833521447331,1,1,1
09093_00,1,12.867757081985474,74.7701444090688,1,1,1
09055_00,1,12.875765562057495,75.59814842766835,1,1,1
09139_00,1,12.792401313781738,69.73334604561882,1,1,1
09151_00,1,12.85695743560791,74.2099261054694,1,1,1
09003_00,1,12.931660890579224,78.60042630037366,1,1,1
09023_00,1,12.805695652961731,71.47447486206967,1,1,1
09092_00,1,12.767598152160645,68.18312048313614,1,1,1
08824_00,1,41.2415337562561,1789.1798959703108,1,1,1
08857_00,1,12.821663737297058,71.93853931310036,1,1,1
08830_00,1,39.61573600769043,1690.087102262808,1,1,1
09114_00,1,12.767866969108582,67.9179668482227,1,1,1
09110_00,1,12.724464178085327,65.89973640236444,1,1,1
09116_00,1,12.759668350219727,67.46237286118355,1,1,1
08951_00,1,12.845451474189758,73.58529733595765,1,1,1
08899_00,1,12.76590120792389,68.08661251869214,1,1,1
08834_00,1,38.79481315612793,1640.788638307906,1,1,1
09068_00,1,12.81173062324524,71.74912371683371,1,1,1
08895_00,1,12.783870816230774,69.60460944573092,1,1,1
08880_00,1,12.74051833152771,66.77346738831304,1,1,1
08934_00,1,12.884509086608887,75.95546289090629,1,1,1
09052_00,1,12.91499662399292,77.70632935225356,1,1,1
08898_00,1,12.766162157058716,68.23948035238922,1,1,1
09161_00,1,12.870505213737488,74.22581011519645,1,1,1
08886_00,1,12.74629521369934,67.65741836407054,1,1,1
08837_00,1,13.040834546089172,84.11163407303162,1,1,1
09067_00,1,12.779603600502014,69.90017062038524,1,1,1
09148_00,1,12.894875407218933,76.5511321553059,1,1,1
09182_00,1,12.905539155006409,76.32965776272107,1,1,1
08982_00,1,12.992688298225403,82.44326058678294,1,1,1
08877_00,1,12.734340071678162,66.31558883731358,1,1,1
09104_00,1,12.828430533409119,71.81218328560793,1,1,1
09172_00,1,12.795188307762146,69.6593463804129,1,1,1
09082_00,1,12.91203260421753,77.18870078177926,1,1,1
09167_00,1,12.78966498374939,69.59522485113595,1,1,1
09089_00,1,12.833963871002197,72.16192750710162,1,1,1
09014_00,1,12.888020634651184,76.66833960365564,1,1,1
08876_00,1,12.747617363929749,67.26304783394846,1,1,1
08937_00,1,12.85319995880127,74.04203597044243,1,1,1
09000_00,1,12.80239200592041,71.16592539971978,1,1,1
09051_00,1,12.909189939498901,77.28235129724389,1,1,1
09112_00,1,12.753206372261047,66.9535893296037,1,1,1
09129_00,1,12.804892182350159,70.26960548284426,1,1,1
08945_00,1,12.942026734352112,79.31772305812532,1,1,1
09018_00,1,12.917386531829834,78.15190516715994,1,1,1
09171_00,1,12.806025505065918,70.48209771385635,1,1,1
08911_00,1,12.812373042106628,71.47637705055271,1,1,1
09009_00,1,12.886714935302734,76.3701983211847,1,1,1
09159_00,1,12.83432161808014,72.39879653364943,1,1,1
08978_00,1,12.921620607376099,78.11408450942669,1,1,1
08948_00,1,12.937803268432617,78.94510697338352,1,1,1
09028_00,1,12.854370713233948,74.0559832138443,1,1,1
08961_00,1,12.927925705909729,78.42656669119131,1,1,1
